CustomerID,Recency,Frequency,MonetaryValue,R_Score,F_Score,M_Score,RFM_Score,RFM_Sum_Score,Segment,KMeans_Cluster
1001,6,46,26661.06,4,2,2,422,8,Potenciais Leais,0
1002,1,51,48304.91,5,3,5,535,13,Potenciais Leais,0
1003,10,53,26849.5,3,4,2,342,9,Clientes Leais,0
1004,21,41,37246.26,2,1,3,213,6,Hibernando,1
1005,72,42,27716.62,1,1,2,112,4,Hibernando,1
1006,26,46,14093.47,1,2,1,121,4,Hibernando,3
1007,46,54,59099.91,1,4,5,145,10,Em Risco,2
1008,24,46,22572.24,2,2,1,221,5,Hibernando,1
1009,10,55,49234.39,3,4,5,345,12,Clientes Leais,2
1010,5,60,63281.67,4,5,5,455,14,Clientes Leais,2
1011,4,53,26385.15,5,4,2,542,11,Campeões,0
1012,9,58,43250.86,3,5,4,354,12,Clientes Leais,2
1013,6,46,38369.0,4,2,4,424,10,Potenciais Leais,0
1014,60,39,13258.42,1,1,1,111,3,Hibernando,3
1015,14,54,29212.81,3,4,2,342,9,Clientes Leais,1
1016,13,41,18823.67,3,1,1,311,5,Quase Dormindo,3
1017,13,49,22924.09,3,3,1,331,7,Precisa Atenção,1
1018,40,43,35970.28,1,1,3,113,5,Hibernando,1
1019,15,42,24178.7,2,1,1,211,4,Hibernando,3
1020,12,34,18636.1,3,1,1,311,5,Quase Dormindo,3
1021,15,54,48221.25,2,4,5,245,11,Em Risco,2
1022,15,36,26229.79,2,1,2,212,5,Hibernando,3
1023,11,47,27847.99,3,2,2,322,7,Quase Dormindo,1
1024,36,48,43974.74,1,3,4,134,8,Em Risco,1
1025,7,72,49675.420000000006,4,5,5,455,14,Clientes Leais,2
1026,19,49,26998.52,2,3,2,232,7,Em Risco,1
1027,3,61,38997.03,5,5,4,554,14,Campeões,0
1028,29,45,36181.96,1,2,3,123,6,Hibernando,1
1029,3,66,61004.159999999996,5,5,5,555,15,Campeões,2
1030,35,52,40944.43,1,4,4,144,9,Em Risco,1
1031,5,57,30317.8,4,5,2,452,11,Clientes Leais,0
1032,18,42,32843.01,2,1,3,213,6,Hibernando,1
1033,19,38,26365.82,2,1,2,212,5,Hibernando,3
1034,5,44,36487.64,4,2,3,423,9,Potenciais Leais,0
1035,12,42,28595.92,3,1,2,312,6,Quase Dormindo,3
1036,6,53,24182.94,4,4,1,441,9,Clientes Leais,0
1037,4,54,33177.1,5,4,3,543,12,Campeões,0
1038,15,58,31489.87,2,5,3,253,10,Não Pode Perder,2
1039,11,68,51787.1,3,5,5,355,13,Clientes Leais,2
1040,2,48,33704.83,5,3,3,533,11,Potenciais Leais,0
1041,3,40,17576.27,5,1,1,511,7,Novos Clientes,3
1042,3,43,18589.68,5,1,1,511,7,Novos Clientes,3
1043,91,55,28232.29,1,4,2,142,7,Em Risco,1
1044,26,61,37856.659999999996,1,5,4,154,10,Não Pode Perder,2
1045,45,41,25554.489999999998,1,1,2,112,4,Hibernando,1
1046,1,62,46727.82,5,5,5,555,15,Campeões,0
1047,1,45,32517.780000000002,5,2,3,523,10,Potenciais Leais,0
1048,25,44,38789.65,2,2,4,224,8,Hibernando,1
1049,14,52,24843.36,3,4,1,341,8,Clientes Leais,1
1050,31,51,23451.03,1,3,1,131,5,Em Risco,1
1051,5,52,26572.260000000002,4,4,2,442,10,Clientes Leais,0
1052,23,48,18011.0,2,3,1,231,6,Em Risco,3
1053,11,64,57142.61,3,5,5,355,13,Clientes Leais,2
1054,14,57,28432.63,3,5,2,352,10,Clientes Leais,2
1055,12,49,36223.04,3,3,3,333,9,Precisa Atenção,1
1056,58,44,59424.97,1,2,5,125,8,Hibernando,1
1057,24,42,28077.13,2,1,2,212,5,Hibernando,1
1058,2,49,23549.54,5,3,1,531,9,Potenciais Leais,0
1059,52,37,48840.11,1,1,5,115,7,Hibernando,1
1060,2,59,54318.84,5,5,5,555,15,Campeões,2
1061,4,46,32710.280000000002,5,2,3,523,10,Potenciais Leais,0
1062,12,51,37676.27,3,3,4,334,10,Precisa Atenção,1
1063,47,43,31610.260000000002,1,1,3,113,5,Hibernando,1
1064,2,52,29699.3,5,4,2,542,11,Campeões,0
1065,2,42,23265.63,5,1,1,511,7,Novos Clientes,0
1066,2,35,53993.939999999995,5,1,5,515,11,Novos Clientes,0
1067,9,47,57124.25,3,2,5,325,10,Quase Dormindo,2
1068,8,50,14200.65,4,3,1,431,8,Potenciais Leais,3
1069,2,60,73047.26,5,5,5,555,15,Campeões,2
1070,45,55,18790.21,1,4,1,141,6,Em Risco,1
1071,3,42,18151.81,5,1,1,511,7,Novos Clientes,3
1072,28,45,34441.36,1,2,3,123,6,Hibernando,1
1073,17,57,48826.8,2,5,5,255,12,Não Pode Perder,2
1074,40,53,23565.780000000002,1,4,1,141,6,Em Risco,1
1075,5,47,30897.0,4,2,2,422,8,Potenciais Leais,0
1076,26,49,40872.41,1,3,4,134,8,Em Risco,1
1077,1,52,60540.82,5,4,5,545,14,Campeões,0
1078,9,42,20589.65,3,1,1,311,5,Quase Dormindo,3
1079,10,55,20941.969999999998,3,4,1,341,8,Clientes Leais,0
1080,57,40,21233.84,1,1,1,111,3,Hibernando,3
1081,1,57,27250.2,5,5,2,552,12,Campeões,0
1082,1,55,53854.8,5,4,5,545,14,Campeões,0
1083,14,49,27322.26,3,3,2,332,8,Precisa Atenção,1
1084,12,52,40095.11,3,4,4,344,11,Clientes Leais,2
1085,5,43,37404.2,4,1,3,413,8,Promissor,0
1086,47,48,26855.11,1,3,2,132,6,Em Risco,1
1087,11,40,29521.59,3,1,2,312,6,Quase Dormindo,3
1088,11,59,40975.2,3,5,4,354,12,Clientes Leais,2
1089,24,53,25051.29,2,4,2,242,8,Em Risco,1
1090,92,41,30525.63,1,1,2,112,4,Hibernando,1
1091,6,39,20831.95,4,1,1,411,6,Promissor,3
1092,11,45,48688.06,3,2,5,325,10,Quase Dormindo,1
1093,10,61,36015.08,3,5,3,353,11,Clientes Leais,2
1094,2,56,29416.08,5,5,2,552,12,Campeões,0
1095,8,48,46156.369999999995,4,3,4,434,11,Potenciais Leais,0
1096,22,54,52054.98,2,4,5,245,11,Em Risco,2
1097,14,44,24289.329999999998,3,2,1,321,6,Quase Dormindo,3
1098,6,37,24817.27,4,1,1,411,6,Promissor,3
1099,7,41,17450.5,4,1,1,411,6,Promissor,3
1100,19,52,53554.43,2,4,5,245,11,Em Risco,2
1101,56,39,32165.95,1,1,3,113,5,Hibernando,1
1102,1,56,27632.280000000002,5,5,2,552,12,Campeões,0
1103,1,47,39431.87,5,2,4,524,11,Potenciais Leais,0
1104,12,57,65919.31,3,5,5,355,13,Clientes Leais,2
1105,27,58,36006.06,1,5,3,153,9,Não Pode Perder,2
1106,6,59,30063.79,4,5,2,452,11,Clientes Leais,0
1107,25,59,59093.61,2,5,5,255,12,Não Pode Perder,2
1108,5,47,32171.4,4,2,3,423,9,Potenciais Leais,0
1109,4,59,28635.51,5,5,2,552,12,Campeões,0
1110,3,46,39317.54,5,2,4,524,11,Potenciais Leais,0
1111,1,46,37994.59,5,2,4,524,11,Potenciais Leais,0
1112,23,49,35848.49,2,3,3,233,8,Em Risco,1
1113,17,50,45021.340000000004,2,3,4,234,9,Em Risco,1
1114,8,66,58216.81,4,5,5,455,14,Clientes Leais,2
1115,2,43,33245.19,5,1,3,513,9,Novos Clientes,0
1116,23,45,39118.63,2,2,4,224,8,Hibernando,1
1117,10,43,25160.15,3,1,2,312,6,Quase Dormindo,3
1118,1,56,34426.81,5,5,3,553,13,Campeões,0
1119,7,46,40597.82,4,2,4,424,10,Potenciais Leais,0
1120,14,43,19770.38,3,1,1,311,5,Quase Dormindo,3
1121,3,59,62112.670000000006,5,5,5,555,15,Campeões,2
1122,16,46,41714.75,2,2,4,224,8,Hibernando,1
1123,2,41,21970.92,5,1,1,511,7,Novos Clientes,3
1124,37,56,18855.52,1,5,1,151,7,Não Pode Perder,1
1125,2,43,22552.25,5,1,1,511,7,Novos Clientes,0
1126,8,60,42238.98,4,5,4,454,13,Clientes Leais,2
1127,1,42,33434.39,5,1,3,513,9,Novos Clientes,0
1128,8,52,42707.76,4,4,4,444,12,Clientes Leais,2
1129,12,42,28099.01,3,1,2,312,6,Quase Dormindo,3
1130,3,51,23252.82,5,3,1,531,9,Potenciais Leais,0
1131,19,47,38367.03,2,2,4,224,8,Hibernando,1
1132,9,50,31554.21,3,3,3,333,9,Precisa Atenção,0
1133,20,48,21915.99,2,3,1,231,6,Em Risco,1
1134,26,45,28713.78,1,2,2,122,5,Hibernando,1
1135,59,56,26637.12,1,5,2,152,8,Não Pode Perder,1
1136,21,45,31645.54,2,2,3,223,7,Hibernando,1
1137,1,49,29557.22,5,3,2,532,10,Potenciais Leais,0
1138,5,48,17098.93,4,3,1,431,8,Potenciais Leais,3
1139,2,40,54242.0,5,1,5,515,11,Novos Clientes,0
1140,5,49,30647.04,4,3,2,432,9,Potenciais Leais,0
1141,17,55,25701.11,2,4,2,242,8,Em Risco,1
1142,1,54,37515.87,5,4,4,544,13,Campeões,0
1143,14,67,41518.69,3,5,4,354,12,Clientes Leais,2
1144,14,45,36165.090000000004,3,2,3,323,8,Quase Dormindo,1
1145,1,43,42909.44,5,1,4,514,10,Novos Clientes,0
1146,7,65,58748.03,4,5,5,455,14,Clientes Leais,2
1147,12,42,52725.35,3,1,5,315,9,Quase Dormindo,1
1148,1,49,26244.559999999998,5,3,2,532,10,Potenciais Leais,0
1149,18,44,17856.66,2,2,1,221,5,Hibernando,3
1150,39,41,32352.760000000002,1,1,3,113,5,Hibernando,1
1151,9,46,56956.41,3,2,5,325,10,Quase Dormindo,2
1152,3,42,10721.75,5,1,1,511,7,Novos Clientes,3
1153,12,44,27546.23,3,2,2,322,7,Quase Dormindo,1
1154,1,49,32915.81,5,3,3,533,11,Potenciais Leais,0
1155,9,45,33664.74,3,2,3,323,8,Quase Dormindo,1
1156,21,42,31697.91,2,1,3,213,6,Hibernando,1
1157,48,42,28003.64,1,1,2,112,4,Hibernando,1
1158,1,38,21657.190000000002,5,1,1,511,7,Novos Clientes,3
1159,12,58,54572.090000000004,3,5,5,355,13,Clientes Leais,2
1160,21,47,26815.91,2,2,2,222,6,Hibernando,1
1161,17,67,44071.4,2,5,4,254,11,Não Pode Perder,2
1162,26,51,61911.560000000005,1,3,5,135,9,Em Risco,2
1163,9,37,26142.329999999998,3,1,2,312,6,Quase Dormindo,3
1164,6,48,31891.23,4,3,3,433,10,Potenciais Leais,0
1165,28,46,33957.950000000004,1,2,3,123,6,Hibernando,1
1166,34,42,10256.5,1,1,1,111,3,Hibernando,3
1167,9,48,41929.04,3,3,4,334,10,Precisa Atenção,0
1168,1,54,31026.260000000002,5,4,3,543,12,Campeões,0
1169,4,39,19585.260000000002,5,1,1,511,7,Novos Clientes,3
1170,2,54,45918.85,5,4,4,544,13,Campeões,0
1171,6,53,49964.53,4,4,5,445,13,Clientes Leais,2
1172,10,52,18784.03,3,4,1,341,8,Clientes Leais,3
1173,8,38,41306.28,4,1,4,414,9,Promissor,1
1174,17,41,48631.77,2,1,5,215,8,Hibernando,1
1175,4,60,57704.28,5,5,5,555,15,Campeões,2
1176,31,55,45693.92,1,4,4,144,9,Em Risco,2
1177,14,62,42879.6,3,5,4,354,12,Clientes Leais,2
1178,16,45,24569.73,2,2,1,221,5,Hibernando,3
1179,2,54,29379.25,5,4,2,542,11,Campeões,0
1180,3,51,25797.36,5,3,2,532,10,Potenciais Leais,0
1181,18,45,28905.31,2,2,2,222,6,Hibernando,1
1182,18,45,20031.7,2,2,1,221,5,Hibernando,3
1183,5,63,37453.42,4,5,3,453,12,Clientes Leais,2
1184,4,33,18168.2,5,1,1,511,7,Novos Clientes,3
1185,11,54,23206.76,3,4,1,341,8,Clientes Leais,1
1186,19,63,34404.93,2,5,3,253,10,Não Pode Perder,2
1187,20,58,44113.22,2,5,4,254,11,Não Pode Perder,2
1188,14,54,36232.78,3,4,3,343,10,Clientes Leais,2
1189,1,41,43232.79,5,1,4,514,10,Novos Clientes,0
1190,12,42,54909.71,3,1,5,315,9,Quase Dormindo,1
1191,20,50,23636.12,2,3,1,231,6,Em Risco,1
1192,39,31,26900.38,1,1,2,112,4,Hibernando,3
1193,17,61,30239.34,2,5,2,252,9,Não Pode Perder,2
1194,24,38,20351.75,2,1,1,211,4,Hibernando,3
1195,9,45,31704.98,3,2,3,323,8,Quase Dormindo,1
1196,30,49,29442.25,1,3,2,132,6,Em Risco,1
1197,24,45,40465.909999999996,2,2,4,224,8,Hibernando,1
1198,8,36,42015.54,4,1,4,414,9,Promissor,1
1199,1,47,46335.05,5,2,5,525,12,Potenciais Leais,0
1200,6,49,33331.98,4,3,3,433,10,Potenciais Leais,0
1201,32,62,42219.0,1,5,4,154,10,Não Pode Perder,2
1202,6,53,30359.99,4,4,2,442,10,Clientes Leais,0
1203,26,48,47499.51,1,3,5,135,9,Em Risco,1
1204,9,59,29412.81,3,5,2,352,10,Clientes Leais,2
1205,19,50,40628.87,2,3,4,234,9,Em Risco,1
1206,7,52,28337.620000000003,4,4,2,442,10,Clientes Leais,0
1207,14,51,21277.93,3,3,1,331,7,Precisa Atenção,1
1208,41,62,28272.61,1,5,2,152,8,Não Pode Perder,2
1209,1,47,47907.74,5,2,5,525,12,Potenciais Leais,0
1210,3,46,31775.56,5,2,3,523,10,Potenciais Leais,0
1211,1,47,25049.84,5,2,2,522,9,Potenciais Leais,0
1212,6,52,36862.92,4,4,3,443,11,Clientes Leais,0
1213,26,49,38273.42,1,3,4,134,8,Em Risco,1
1214,37,49,75795.51,1,3,5,135,9,Em Risco,2
1215,12,55,59817.84,3,4,5,345,12,Clientes Leais,2
1216,4,42,35032.88,5,1,3,513,9,Novos Clientes,0
1217,3,48,42133.61,5,3,4,534,12,Potenciais Leais,0
1218,16,38,20607.34,2,1,1,211,4,Hibernando,3
1219,20,46,32908.71,2,2,3,223,7,Hibernando,1
1220,9,44,32382.4,3,2,3,323,8,Quase Dormindo,1
1221,7,42,61358.729999999996,4,1,5,415,10,Promissor,0
1222,9,41,25485.8,3,1,2,312,6,Quase Dormindo,3
1223,2,41,18552.09,5,1,1,511,7,Novos Clientes,3
1224,48,49,30365.760000000002,1,3,2,132,6,Em Risco,1
1225,16,33,16047.390000000001,2,1,1,211,4,Hibernando,3
1226,25,52,21327.24,2,4,1,241,7,Em Risco,1
1227,5,51,25984.41,4,3,2,432,9,Potenciais Leais,0
1228,2,48,22134.71,5,3,1,531,9,Potenciais Leais,0
1229,10,50,39395.15,3,3,4,334,10,Precisa Atenção,1
1230,5,41,20719.079999999998,4,1,1,411,6,Promissor,3
1231,6,46,55890.939999999995,4,2,5,425,11,Potenciais Leais,0
1232,5,45,34601.92,4,2,3,423,9,Potenciais Leais,0
1233,10,52,43332.51,3,4,4,344,11,Clientes Leais,2
1234,6,45,31650.239999999998,4,2,3,423,9,Potenciais Leais,0
1235,16,51,40621.92,2,3,4,234,9,Em Risco,1
1236,28,48,34232.0,1,3,3,133,7,Em Risco,1
1237,4,55,16463.35,5,4,1,541,10,Campeões,0
1238,1,42,33664.48,5,1,3,513,9,Novos Clientes,0
1239,65,47,58568.59,1,2,5,125,8,Hibernando,1
1240,35,45,38530.86,1,2,4,124,7,Hibernando,1
1241,2,48,21858.489999999998,5,3,1,531,9,Potenciais Leais,0
1242,4,54,61356.18,5,4,5,545,14,Campeões,2
1243,9,41,18107.15,3,1,1,311,5,Quase Dormindo,3
1244,3,52,41858.15,5,4,4,544,13,Campeões,0
1245,4,49,49831.37,5,3,5,535,13,Potenciais Leais,0
1246,55,44,40587.0,1,2,4,124,7,Hibernando,1
1247,6,46,31186.04,4,2,3,423,9,Potenciais Leais,0
1248,3,42,31803.989999999998,5,1,3,513,9,Novos Clientes,0
1249,15,50,39429.34,2,3,4,234,9,Em Risco,1
1250,20,53,57863.47,2,4,5,245,11,Em Risco,2
1251,3,50,40668.33,5,3,4,534,12,Potenciais Leais,0
1252,9,52,44377.42,3,4,4,344,11,Clientes Leais,2
1253,8,49,21987.03,4,3,1,431,8,Potenciais Leais,3
1254,3,64,73255.57,5,5,5,555,15,Campeões,2
1255,17,45,23408.38,2,2,1,221,5,Hibernando,3
1256,2,50,21895.05,5,3,1,531,9,Potenciais Leais,0
1257,37,47,23168.32,1,2,1,121,4,Hibernando,1
1258,50,41,45181.79,1,1,4,114,6,Hibernando,1
1259,3,45,38534.97,5,2,4,524,11,Potenciais Leais,0
1260,22,48,58918.87,2,3,5,235,10,Em Risco,2
1261,44,40,38304.85,1,1,4,114,6,Hibernando,1
1262,10,55,38684.4,3,4,4,344,11,Clientes Leais,2
1263,13,39,32820.05,3,1,3,313,7,Quase Dormindo,1
1264,34,50,53727.98,1,3,5,135,9,Em Risco,1
1265,2,58,43074.11,5,5,4,554,14,Campeões,0
1266,1,52,41628.13,5,4,4,544,13,Campeões,0
1267,10,61,35932.54,3,5,3,353,11,Clientes Leais,2
1268,4,53,41619.17,5,4,4,544,13,Campeões,0
1269,1,45,83330.26000000001,5,2,5,525,12,Potenciais Leais,0
1270,6,49,25322.81,4,3,2,432,9,Potenciais Leais,0
1271,3,51,35180.1,5,3,3,533,11,Potenciais Leais,0
1272,15,41,21293.25,2,1,1,211,4,Hibernando,3
1273,4,48,24641.13,5,3,1,531,9,Potenciais Leais,0
1274,12,51,28590.7,3,3,2,332,8,Precisa Atenção,1
1275,1,47,25963.19,5,2,2,522,9,Potenciais Leais,0
1276,69,42,30888.96,1,1,2,112,4,Hibernando,1
1277,2,40,29168.27,5,1,2,512,8,Novos Clientes,0
1278,8,54,33756.99,4,4,3,443,11,Clientes Leais,0
1279,39,41,24562.93,1,1,1,111,3,Hibernando,1
1280,14,52,39645.14,3,4,4,344,11,Clientes Leais,2
1281,40,59,35056.35,1,5,3,153,9,Não Pode Perder,2
1282,13,56,27067.18,3,5,2,352,10,Clientes Leais,1
1283,17,43,16017.119999999999,2,2,1,221,5,Hibernando,3
1284,13,53,44138.91,3,4,4,344,11,Clientes Leais,2
1285,15,42,27743.96,2,1,2,212,5,Hibernando,3
1286,14,50,17816.8,3,3,1,331,7,Precisa Atenção,3
1287,10,53,37580.729999999996,3,4,4,344,11,Clientes Leais,2
1288,2,50,42584.7,5,3,4,534,12,Potenciais Leais,0
1289,21,40,36272.68,2,1,3,213,6,Hibernando,1
1290,25,41,36862.12,2,1,3,213,6,Hibernando,1
1291,1,52,29746.75,5,4,2,542,11,Campeões,0
1292,3,54,33830.85,5,4,3,543,12,Campeões,0
1293,12,50,27079.16,3,3,2,332,8,Precisa Atenção,1
1294,5,45,45562.18,4,2,4,424,10,Potenciais Leais,0
1295,29,39,31770.66,1,1,3,113,5,Hibernando,1
1296,10,51,42573.52,3,3,4,334,10,Precisa Atenção,2
1297,35,50,28255.94,1,3,2,132,6,Em Risco,1
1298,5,55,34769.33,4,4,3,443,11,Clientes Leais,0
1299,27,45,38860.310000000005,1,2,4,124,7,Hibernando,1
1300,6,42,12507.86,4,1,1,411,6,Promissor,3
1301,9,49,70477.61,3,3,5,335,11,Precisa Atenção,2
1302,59,39,15609.68,1,1,1,111,3,Hibernando,3
1303,14,56,59218.67,3,5,5,355,13,Clientes Leais,2
1304,26,54,15741.77,1,4,1,141,6,Em Risco,3
1305,35,35,37367.72,1,1,3,113,5,Hibernando,1
1306,13,49,42096.44,3,3,4,334,10,Precisa Atenção,1
1307,17,50,52294.18,2,3,5,235,10,Em Risco,2
1308,5,55,37353.14,4,4,3,443,11,Clientes Leais,0
1309,23,59,71385.06999999999,2,5,5,255,12,Não Pode Perder,2
1310,29,42,36267.8,1,1,3,113,5,Hibernando,1
1311,4,47,16173.63,5,2,1,521,8,Potenciais Leais,3
1312,3,74,48842.35,5,5,5,555,15,Campeões,2
1313,4,55,43348.89,5,4,4,544,13,Campeões,0
1314,2,48,62179.26,5,3,5,535,13,Potenciais Leais,0
1315,18,35,12582.03,2,1,1,211,4,Hibernando,3
1316,16,55,24823.53,2,4,1,241,7,Em Risco,1
1317,4,59,37237.83,5,5,3,553,13,Campeões,0
1318,9,55,38556.28,3,4,4,344,11,Clientes Leais,2
1319,9,39,37860.62,3,1,4,314,8,Quase Dormindo,1
1320,3,55,40584.11,5,4,4,544,13,Campeões,0
1321,10,40,30036.18,3,1,2,312,6,Quase Dormindo,3
1322,56,58,69001.73,1,5,5,155,11,Não Pode Perder,2
1323,4,51,33491.26,5,3,3,533,11,Potenciais Leais,0
1324,7,47,33120.02,4,2,3,423,9,Potenciais Leais,0
1325,22,40,17317.46,2,1,1,211,4,Hibernando,3
1326,2,43,32562.2,5,2,3,523,10,Potenciais Leais,0
1327,13,41,33084.26,3,1,3,313,7,Quase Dormindo,1
1328,39,39,19662.14,1,1,1,111,3,Hibernando,3
1329,7,59,26665.65,4,5,2,452,11,Clientes Leais,0
1330,17,55,48494.12,2,4,5,245,11,Em Risco,2
1331,4,56,46152.82,5,5,4,554,14,Campeões,2
1332,25,53,37313.52,2,4,3,243,9,Em Risco,1
1333,47,55,47812.090000000004,1,4,5,145,10,Em Risco,2
1334,28,45,42625.78,1,2,4,124,7,Hibernando,1
1335,29,42,41707.82,1,1,4,114,6,Hibernando,1
1336,24,50,38141.48,2,3,4,234,9,Em Risco,1
1337,1,56,31982.32,5,5,3,553,13,Campeões,0
1338,80,51,38632.07,1,4,4,144,9,Em Risco,1
1339,34,52,42269.18,1,4,4,144,9,Em Risco,1
1340,10,53,48627.52,3,4,5,345,12,Clientes Leais,2
1341,20,51,33502.38,2,4,3,243,9,Em Risco,1
1342,30,48,29001.76,1,3,2,132,6,Em Risco,1
1343,11,54,47933.53,3,4,5,345,12,Clientes Leais,2
1344,9,48,28271.91,3,3,2,332,8,Precisa Atenção,1
1345,2,60,47802.25,5,5,5,555,15,Campeões,0
1346,18,28,17429.170000000002,2,1,1,211,4,Hibernando,3
1347,28,53,48180.65,1,4,5,145,10,Em Risco,2
1348,13,48,28496.350000000002,3,3,2,332,8,Precisa Atenção,1
1349,17,44,26766.91,2,2,2,222,6,Hibernando,1
1350,25,39,25826.83,2,1,2,212,5,Hibernando,3
1351,8,46,44457.09,4,2,4,424,10,Potenciais Leais,0
1352,9,37,15945.68,3,1,1,311,5,Quase Dormindo,3
1353,12,56,30722.97,3,5,2,352,10,Clientes Leais,2
1354,11,56,27461.23,3,5,2,352,10,Clientes Leais,0
1355,35,49,31020.08,1,3,3,133,7,Em Risco,1
1356,19,48,30961.05,2,3,2,232,7,Em Risco,1
1357,54,45,25593.719999999998,1,2,2,122,5,Hibernando,1
1358,18,52,45960.75,2,4,4,244,10,Em Risco,2
1359,1,47,40420.63,5,2,4,524,11,Potenciais Leais,0
1360,3,62,46284.0,5,5,4,554,14,Campeões,2
1361,26,52,34285.85,1,4,3,143,8,Em Risco,1
1362,17,61,44171.1,2,5,4,254,11,Não Pode Perder,2
1363,10,45,23187.420000000002,3,2,1,321,6,Quase Dormindo,3
1364,43,36,19906.11,1,1,1,111,3,Hibernando,3
1365,15,48,38485.200000000004,2,3,4,234,9,Em Risco,1
1366,24,38,44295.67,2,1,4,214,7,Hibernando,1
1367,6,43,41728.08,4,2,4,424,10,Potenciais Leais,0
1368,11,56,39016.28,3,5,4,354,12,Clientes Leais,2
1369,16,40,24072.68,2,1,1,211,4,Hibernando,3
1370,19,45,25998.06,2,2,2,222,6,Hibernando,1
1371,32,42,70685.99999999999,1,1,5,115,7,Hibernando,1
1372,4,51,33549.45,5,4,3,543,12,Campeões,0
1373,5,52,17996.57,4,4,1,441,9,Clientes Leais,0
1374,6,51,36287.17,4,4,3,443,11,Clientes Leais,0
1375,31,56,44857.159999999996,1,5,4,154,10,Não Pode Perder,2
1376,19,63,77706.71,2,5,5,255,12,Não Pode Perder,2
1377,17,45,35605.9,2,2,3,223,7,Hibernando,1
1378,5,38,28872.63,4,1,2,412,7,Promissor,3
1379,20,42,31817.14,2,1,3,213,6,Hibernando,1
1380,9,56,28111.57,3,5,2,352,10,Clientes Leais,0
1381,12,42,28725.739999999998,3,1,2,312,6,Quase Dormindo,3
1382,2,48,15255.470000000001,5,3,1,531,9,Potenciais Leais,3
1383,24,34,18154.24,2,1,1,211,4,Hibernando,3
1384,9,41,41473.32,3,1,4,314,8,Quase Dormindo,1
1385,7,53,32603.28,4,4,3,443,11,Clientes Leais,0
1386,39,43,29067.62,1,2,2,122,5,Hibernando,1
1387,7,54,24090.77,4,4,1,441,9,Clientes Leais,0
1388,33,55,55727.909999999996,1,4,5,145,10,Em Risco,2
1389,1,41,23091.77,5,1,1,511,7,Novos Clientes,0
1390,37,52,48601.03,1,4,5,145,10,Em Risco,1
1391,19,44,25713.71,2,2,2,222,6,Hibernando,1
1392,31,44,41198.99,1,2,4,124,7,Hibernando,1
1393,32,40,31832.65,1,1,3,113,5,Hibernando,1
1394,9,43,33166.78,3,2,3,323,8,Quase Dormindo,1
1395,1,60,48381.65,5,5,5,555,15,Campeões,0
1396,5,60,42292.34,4,5,4,454,13,Clientes Leais,2
1397,6,49,28064.13,4,3,2,432,9,Potenciais Leais,0
1398,6,56,45251.42,4,5,4,454,13,Clientes Leais,2
1399,28,58,48801.24,1,5,5,155,11,Não Pode Perder,2
1400,7,49,29767.99,4,3,2,432,9,Potenciais Leais,0
1401,55,43,31860.56,1,2,3,123,6,Hibernando,1
1402,20,46,41513.450000000004,2,2,4,224,8,Hibernando,1
1403,22,53,32140.120000000003,2,4,3,243,9,Em Risco,1
1404,4,55,47210.28,5,4,5,545,14,Campeões,2
1405,23,49,14376.75,2,3,1,231,6,Em Risco,3
1406,25,51,25753.36,2,4,2,242,8,Em Risco,1
1407,10,60,43878.54,3,5,4,354,12,Clientes Leais,2
1408,1,51,50116.030000000006,5,4,5,545,14,Campeões,0
1409,4,46,32399.35,5,2,3,523,10,Potenciais Leais,0
1410,4,40,22252.06,5,1,1,511,7,Novos Clientes,3
1411,22,41,21655.56,2,1,1,211,4,Hibernando,3
1412,15,50,25432.96,2,3,2,232,7,Em Risco,1
1413,34,42,16148.27,1,1,1,111,3,Hibernando,3
1414,2,59,45819.15,5,5,4,554,14,Campeões,0
1415,2,45,32382.81,5,2,3,523,10,Potenciais Leais,0
1416,37,59,44741.62,1,5,4,154,10,Não Pode Perder,2
1417,16,55,40956.78,2,4,4,244,10,Em Risco,2
1418,11,70,51314.020000000004,3,5,5,355,13,Clientes Leais,2
1419,40,58,37154.92,1,5,3,153,9,Não Pode Perder,2
1420,8,67,56152.340000000004,4,5,5,455,14,Clientes Leais,2
1421,3,65,85919.97,5,5,5,555,15,Campeões,2
1422,1,47,33358.39,5,2,3,523,10,Potenciais Leais,0
1423,17,35,19231.6,2,1,1,211,4,Hibernando,3
1424,2,45,45423.58,5,2,4,524,11,Potenciais Leais,0
1425,8,46,36041.88,4,2,3,423,9,Potenciais Leais,0
1426,2,42,27163.56,5,1,2,512,8,Novos Clientes,0
1427,3,49,35008.18,5,3,3,533,11,Potenciais Leais,0
1428,16,54,29359.59,2,4,2,242,8,Em Risco,1
1429,15,50,41434.23,2,3,4,234,9,Em Risco,1
1430,2,45,26176.83,5,2,2,522,9,Potenciais Leais,0
1431,7,51,49876.18,4,4,5,445,13,Clientes Leais,2
1432,34,60,36225.42,1,5,3,153,9,Não Pode Perder,2
1433,3,66,40094.21,5,5,4,554,14,Campeões,2
1434,13,49,22886.38,3,3,1,331,7,Precisa Atenção,1
1435,1,42,21250.47,5,1,1,511,7,Novos Clientes,0
1436,7,49,43186.81,4,3,4,434,11,Potenciais Leais,0
1437,39,46,43563.72,1,2,4,124,7,Hibernando,1
1438,1,44,38502.53,5,2,4,524,11,Potenciais Leais,0
1439,30,46,35540.58,1,2,3,123,6,Hibernando,1
1440,8,46,41716.15,4,2,4,424,10,Potenciais Leais,0
1441,5,44,21374.52,4,2,1,421,7,Potenciais Leais,3
1442,34,46,39126.75,1,2,4,124,7,Hibernando,1
1443,13,60,81270.29000000001,3,5,5,355,13,Clientes Leais,2
1444,94,44,39180.57,1,2,4,124,7,Hibernando,1
1445,11,51,39634.58,3,4,4,344,11,Clientes Leais,2
1446,32,44,14224.15,1,2,1,121,4,Hibernando,3
1447,5,51,51767.86,4,4,5,445,13,Clientes Leais,2
1448,10,54,44518.27,3,4,4,344,11,Clientes Leais,2
1449,10,42,22627.37,3,1,1,311,5,Quase Dormindo,3
1450,31,40,20096.25,1,1,1,111,3,Hibernando,3
1451,8,71,51071.66,4,5,5,455,14,Clientes Leais,2
1452,64,50,32430.22,1,3,3,133,7,Em Risco,1
1453,7,50,38878.0,4,3,4,434,11,Potenciais Leais,0
1454,5,52,67022.87,4,4,5,445,13,Clientes Leais,2
1455,36,63,56042.04,1,5,5,155,11,Não Pode Perder,2
1456,5,53,31667.920000000002,4,4,3,443,11,Clientes Leais,0
1457,5,46,36143.89,4,2,3,423,9,Potenciais Leais,0
1458,37,55,29031.51,1,4,2,142,7,Em Risco,1
1459,2,57,36576.42,5,5,3,553,13,Campeões,0
1460,2,57,32964.58,5,5,3,553,13,Campeões,0
1461,76,42,47492.64,1,1,5,115,7,Hibernando,1
1462,13,58,46340.07,3,5,5,355,13,Clientes Leais,2
1463,27,55,33586.8,1,4,3,143,8,Em Risco,1
1464,2,50,35001.49,5,3,3,533,11,Potenciais Leais,0
1465,20,46,62401.03,2,2,5,225,9,Hibernando,1
1466,18,50,22460.19,2,3,1,231,6,Em Risco,1
1467,12,38,22581.2,3,1,1,311,5,Quase Dormindo,3
1468,16,59,38392.42,2,5,4,254,11,Não Pode Perder,2
1469,3,59,24200.18,5,5,1,551,11,Campeões,0
1470,14,56,50904.24,3,5,5,355,13,Clientes Leais,2
1471,22,47,57770.63,2,2,5,225,9,Hibernando,1
1472,5,55,55672.270000000004,4,4,5,445,13,Clientes Leais,2
1473,3,59,26865.76,5,5,2,552,12,Campeões,0
1474,15,49,38565.58,2,3,4,234,9,Em Risco,1
1475,2,46,27407.59,5,2,2,522,9,Potenciais Leais,0
1476,25,39,28526.64,2,1,2,212,5,Hibernando,1
1477,5,58,31504.95,4,5,3,453,12,Clientes Leais,0
1478,3,51,17521.600000000002,5,4,1,541,10,Campeões,0
1479,2,56,44115.37,5,5,4,554,14,Campeões,0
1480,11,53,24806.65,3,4,1,341,8,Clientes Leais,1
1481,35,53,27600.48,1,4,2,142,7,Em Risco,1
1482,14,52,29519.22,3,4,2,342,9,Clientes Leais,1
1483,2,63,40563.73,5,5,4,554,14,Campeões,0
1484,3,52,25524.5,5,4,2,542,11,Campeões,0
1485,39,43,13389.7,1,2,1,121,4,Hibernando,3
1486,4,53,19030.09,5,4,1,541,10,Campeões,0
1487,19,47,39297.41,2,2,4,224,8,Hibernando,1
1488,2,42,16620.66,5,1,1,511,7,Novos Clientes,3
1489,8,62,28856.68,4,5,2,452,11,Clientes Leais,2
1490,11,46,33075.49,3,2,3,323,8,Quase Dormindo,1
1491,4,57,28796.15,5,5,2,552,12,Campeões,0
1492,1,50,24266.48,5,3,1,531,9,Potenciais Leais,0
1493,2,47,41338.63,5,2,4,524,11,Potenciais Leais,0
1494,13,57,33700.76,3,5,3,353,11,Clientes Leais,2
1495,2,47,22104.36,5,2,1,521,8,Potenciais Leais,0
1496,79,38,33073.25,1,1,3,113,5,Hibernando,1
1497,4,55,28131.71,5,4,2,542,11,Campeões,0
1498,4,50,34800.7,5,3,3,533,11,Potenciais Leais,0
1499,26,40,28114.56,1,1,2,112,4,Hibernando,1
1500,24,51,56837.65,2,4,5,245,11,Em Risco,2
1501,44,42,36367.39,1,1,3,113,5,Hibernando,1
1502,47,55,38642.16,1,4,4,144,9,Em Risco,1
1503,5,47,39396.020000000004,4,2,4,424,10,Potenciais Leais,0
1504,6,61,62780.35,4,5,5,455,14,Clientes Leais,2
1505,16,42,26063.45,2,1,2,212,5,Hibernando,3
1506,1,49,45045.72,5,3,4,534,12,Potenciais Leais,0
1507,11,55,32442.43,3,4,3,343,10,Clientes Leais,2
1508,18,39,27669.57,2,1,2,212,5,Hibernando,3
1509,1,59,113610.25,5,5,5,555,15,Campeões,2
1510,2,46,47660.34,5,2,5,525,12,Potenciais Leais,0
1511,50,41,49746.31,1,1,5,115,7,Hibernando,1
1512,30,48,34903.13,1,3,3,133,7,Em Risco,1
1513,10,52,33126.76,3,4,3,343,10,Clientes Leais,0
1514,14,49,53923.560000000005,3,3,5,335,11,Precisa Atenção,2
1515,14,44,27162.27,3,2,2,322,7,Quase Dormindo,1
1516,30,49,35867.659999999996,1,3,3,133,7,Em Risco,1
1517,27,53,82365.08,1,4,5,145,10,Em Risco,2
1518,11,53,41238.24,3,4,4,344,11,Clientes Leais,2
1519,11,51,21478.96,3,4,1,341,8,Clientes Leais,3
1520,6,58,63249.26,4,5,5,455,14,Clientes Leais,2
1521,22,68,35215.19,2,5,3,253,10,Não Pode Perder,2
1522,69,48,49264.96,1,3,5,135,9,Em Risco,1
1523,19,46,17991.89,2,2,1,221,5,Hibernando,3
1524,1,47,40903.9,5,2,4,524,11,Potenciais Leais,0
1525,36,53,32118.190000000002,1,4,3,143,8,Em Risco,1
1526,9,55,24107.26,3,4,1,341,8,Clientes Leais,0
1527,47,50,16898.87,1,3,1,131,5,Em Risco,3
1528,2,56,28293.62,5,5,2,552,12,Campeões,0
1529,3,54,24768.93,5,4,1,541,10,Campeões,0
1530,13,49,36167.15,3,3,3,333,9,Precisa Atenção,1
1531,18,45,34139.73,2,2,3,223,7,Hibernando,1
1532,1,33,14355.22,5,1,1,511,7,Novos Clientes,3
1533,14,37,34971.45,3,1,3,313,7,Quase Dormindo,1
1534,76,38,44846.61,1,1,4,114,6,Hibernando,1
1535,17,54,22636.82,2,4,1,241,7,Em Risco,1
1536,17,50,44155.61,2,3,4,234,9,Em Risco,1
1537,1,43,37241.240000000005,5,2,3,523,10,Potenciais Leais,0
1538,9,52,34193.64,3,4,3,343,10,Clientes Leais,0
1539,1,49,43193.340000000004,5,3,4,534,12,Potenciais Leais,0
1540,12,49,38791.31,3,3,4,334,10,Precisa Atenção,1
1541,1,35,24353.45,5,1,1,511,7,Novos Clientes,3
1542,3,51,26522.82,5,4,2,542,11,Campeões,0
1543,9,55,42132.060000000005,3,4,4,344,11,Clientes Leais,2
1544,16,41,14548.49,2,1,1,211,4,Hibernando,3
1545,1,65,73845.84,5,5,5,555,15,Campeões,2
1546,3,47,39924.96,5,2,4,524,11,Potenciais Leais,0
1547,4,49,33134.69,5,3,3,533,11,Potenciais Leais,0
1548,25,51,56262.91,2,4,5,245,11,Em Risco,2
1549,7,62,33303.99,4,5,3,453,12,Clientes Leais,2
1550,3,57,35799.340000000004,5,5,3,553,13,Campeões,0
1551,13,43,23879.19,3,2,1,321,6,Quase Dormindo,3
1552,19,55,49226.99,2,4,5,245,11,Em Risco,2
1553,8,67,29934.48,4,5,2,452,11,Clientes Leais,2
1554,8,62,52131.630000000005,4,5,5,455,14,Clientes Leais,2
1555,29,40,14447.97,1,1,1,111,3,Hibernando,3
1556,1,65,58986.090000000004,5,5,5,555,15,Campeões,2
1557,11,59,78723.76,3,5,5,355,13,Clientes Leais,2
1558,8,49,25462.26,4,3,2,432,9,Potenciais Leais,0
1559,8,47,15844.93,4,3,1,431,8,Potenciais Leais,3
1560,4,53,33862.4,5,4,3,543,12,Campeões,0
1561,1,53,25128.6,5,4,2,542,11,Campeões,0
1562,8,62,36289.97,4,5,3,453,12,Clientes Leais,2
1563,13,46,27869.48,3,2,2,322,7,Quase Dormindo,1
1564,24,49,25280.11,2,3,2,232,7,Em Risco,1
1565,5,58,44528.5,4,5,4,454,13,Clientes Leais,2
1566,4,52,30231.57,5,4,2,542,11,Campeões,0
1567,25,52,89397.79,2,4,5,245,11,Em Risco,2
1568,3,52,42198.25,5,4,4,544,13,Campeões,0
1569,1,60,30105.239999999998,5,5,2,552,12,Campeões,0
1570,25,58,79423.56,2,5,5,255,12,Não Pode Perder,2
1571,12,36,16795.32,3,1,1,311,5,Quase Dormindo,3
1572,12,41,40913.47,3,1,4,314,8,Quase Dormindo,1
1573,1,59,31468.85,5,5,3,553,13,Campeões,0
1574,53,46,29803.0,1,2,2,122,5,Hibernando,1
1575,29,50,26454.16,1,3,2,132,6,Em Risco,1
1576,6,55,25998.81,4,4,2,442,10,Clientes Leais,0
1577,38,49,51683.48,1,3,5,135,9,Em Risco,1
1578,4,52,23546.829999999998,5,4,1,541,10,Campeões,0
1579,10,60,44452.79,3,5,4,354,12,Clientes Leais,2
1580,8,45,26972.38,4,2,2,422,8,Potenciais Leais,3
1581,44,48,48017.69,1,3,5,135,9,Em Risco,1
1582,6,49,42165.31,4,3,4,434,11,Potenciais Leais,0
1583,14,35,31784.12,3,1,3,313,7,Quase Dormindo,3
1584,36,41,15606.57,1,1,1,111,3,Hibernando,3
1585,47,41,17937.38,1,1,1,111,3,Hibernando,3
1586,48,39,19905.53,1,1,1,111,3,Hibernando,3
1587,16,54,47251.75,2,4,5,245,11,Em Risco,2
1588,36,47,17269.47,1,3,1,131,5,Em Risco,3
1589,7,49,29775.300000000003,4,3,2,432,9,Potenciais Leais,0
1590,7,56,96278.42,4,5,5,455,14,Clientes Leais,2
1591,12,50,48378.22,3,3,5,335,11,Precisa Atenção,2
1592,4,60,73279.97,5,5,5,555,15,Campeões,2
1593,20,59,45000.27,2,5,4,254,11,Não Pode Perder,2
1594,29,62,53657.44,1,5,5,155,11,Não Pode Perder,2
1595,10,46,33198.58,3,2,3,323,8,Quase Dormindo,1
1596,30,54,36019.69,1,4,3,143,8,Em Risco,1
1597,20,56,31251.22,2,5,3,253,10,Não Pode Perder,1
1598,13,55,24139.61,3,4,1,341,8,Clientes Leais,1
1599,13,41,19292.79,3,1,1,311,5,Quase Dormindo,3
1600,23,45,36123.63,2,2,3,223,7,Hibernando,1
1601,28,49,34493.94,1,3,3,133,7,Em Risco,1
1602,18,39,35772.5,2,1,3,213,6,Hibernando,1
1603,25,51,39769.05,2,4,4,244,10,Em Risco,1
1604,65,41,27385.89,1,1,2,112,4,Hibernando,1
1605,79,45,34422.92,1,2,3,123,6,Hibernando,1
1606,14,46,39577.1,3,2,4,324,9,Quase Dormindo,1
1607,4,58,33445.62,5,5,3,553,13,Campeões,0
1608,3,49,15657.45,5,3,1,531,9,Potenciais Leais,3
1609,1,55,40297.96,5,4,4,544,13,Campeões,0
1610,5,51,32835.1,4,4,3,443,11,Clientes Leais,0
1611,7,42,33027.090000000004,4,1,3,413,8,Promissor,0
1612,2,55,27008.239999999998,5,4,2,542,11,Campeões,0
1613,18,55,38452.39,2,4,4,244,10,Em Risco,2
1614,16,42,27318.21,2,1,2,212,5,Hibernando,3
1615,14,49,57917.43,3,3,5,335,11,Precisa Atenção,2
1616,19,44,29917.41,2,2,2,222,6,Hibernando,1
1617,1,44,30786.0,5,2,2,522,9,Potenciais Leais,0
1618,22,45,12636.02,2,2,1,221,5,Hibernando,3
1619,35,48,17662.28,1,3,1,131,5,Em Risco,3
1620,3,45,31164.56,5,2,3,523,10,Potenciais Leais,0
1621,10,55,42131.6,3,4,4,344,11,Clientes Leais,2
1622,18,47,23077.920000000002,2,3,1,231,6,Em Risco,1
1623,1,33,10264.619999999999,5,1,1,511,7,Novos Clientes,3
1624,11,33,22686.809999999998,3,1,1,311,5,Quase Dormindo,3
1625,2,55,32949.7,5,4,3,543,12,Campeões,0
1626,33,55,55215.130000000005,1,4,5,145,10,Em Risco,2
1627,15,42,16473.34,2,1,1,211,4,Hibernando,3
1628,11,57,71121.62,3,5,5,355,13,Clientes Leais,2
1629,27,40,17505.72,1,1,1,111,3,Hibernando,3
1630,6,54,57410.41,4,4,5,445,13,Clientes Leais,2
1631,12,36,12388.880000000001,3,1,1,311,5,Quase Dormindo,3
1632,26,59,45261.090000000004,1,5,4,154,10,Não Pode Perder,2
1633,12,43,38837.67,3,2,4,324,9,Quase Dormindo,1
1634,3,37,36439.18,5,1,3,513,9,Novos Clientes,0
1635,6,33,25358.43,4,1,2,412,7,Promissor,3
1636,6,57,66554.2,4,5,5,455,14,Clientes Leais,2
1637,1,50,37709.229999999996,5,3,4,534,12,Potenciais Leais,0
1638,4,42,15826.67,5,1,1,511,7,Novos Clientes,3
1639,10,42,37307.439999999995,3,1,3,313,7,Quase Dormindo,1
1640,8,49,32097.05,4,3,3,433,10,Potenciais Leais,0
1641,6,36,18350.58,4,1,1,411,6,Promissor,3
1642,43,52,34215.56,1,4,3,143,8,Em Risco,1
1643,4,47,20861.41,5,3,1,531,9,Potenciais Leais,0
1644,55,41,43185.19,1,1,4,114,6,Hibernando,1
1645,11,46,36597.66,3,2,3,323,8,Quase Dormindo,1
1646,6,45,16710.61,4,2,1,421,7,Potenciais Leais,3
1647,11,50,37881.84,3,3,4,334,10,Precisa Atenção,1
1648,6,47,48473.96,4,3,5,435,12,Potenciais Leais,0
1649,11,68,62660.86,3,5,5,355,13,Clientes Leais,2
1650,5,55,28648.16,4,4,2,442,10,Clientes Leais,0
1651,19,55,35133.130000000005,2,4,3,243,9,Em Risco,2
1652,1,50,52131.33,5,3,5,535,13,Potenciais Leais,0
1653,15,48,19969.719999999998,2,3,1,231,6,Em Risco,3
1654,24,56,59748.85,2,5,5,255,12,Não Pode Perder,2
1655,9,51,27193.7,3,4,2,342,9,Clientes Leais,0
1656,10,47,24259.489999999998,3,3,1,331,7,Precisa Atenção,3
1657,13,54,30294.05,3,4,2,342,9,Clientes Leais,1
1658,5,65,24987.13,4,5,2,452,11,Clientes Leais,0
1659,14,47,35909.729999999996,3,3,3,333,9,Precisa Atenção,1
1660,28,49,27639.65,1,3,2,132,6,Em Risco,1
1661,1,55,38954.49,5,5,4,554,14,Campeões,0
1662,1,56,56169.0,5,5,5,555,15,Campeões,0
1663,20,53,35731.78,2,4,3,243,9,Em Risco,1
1664,21,52,35110.1,2,4,3,243,9,Em Risco,1
1665,2,49,44244.21000000001,5,3,4,534,12,Potenciais Leais,0
1666,18,45,25815.56,2,2,2,222,6,Hibernando,1
1667,7,54,28124.61,4,4,2,442,10,Clientes Leais,0
1668,5,55,24288.51,4,5,1,451,10,Clientes Leais,0
1669,10,47,36823.54,3,3,3,333,9,Precisa Atenção,1
1670,30,42,30891.04,1,1,2,112,4,Hibernando,1
1671,4,52,41061.840000000004,5,4,4,544,13,Campeões,0
1672,30,43,13954.4,1,2,1,121,4,Hibernando,3
1673,25,36,30912.739999999998,2,1,2,212,5,Hibernando,3
1674,37,51,28750.2,1,4,2,142,7,Em Risco,1
1675,34,43,15275.43,1,2,1,121,4,Hibernando,3
1676,30,40,27761.77,1,1,2,112,4,Hibernando,1
1677,10,35,12454.89,3,1,1,311,5,Quase Dormindo,3
1678,29,64,47860.79,1,5,5,155,11,Não Pode Perder,2
1679,15,50,55340.8,2,3,5,235,10,Em Risco,2
1680,4,51,30213.0,5,4,2,542,11,Campeões,0
1681,10,43,52396.04,3,2,5,325,10,Quase Dormindo,1
1682,21,48,35059.46,2,3,3,233,8,Em Risco,1
1683,2,38,13100.65,5,1,1,511,7,Novos Clientes,3
1684,9,41,12189.59,3,1,1,311,5,Quase Dormindo,3
1685,18,52,25830.45,2,4,2,242,8,Em Risco,1
1686,14,52,37471.7,3,4,3,343,10,Clientes Leais,1
1687,18,43,32649.66,2,2,3,223,7,Hibernando,1
1688,8,43,20874.690000000002,4,2,1,421,7,Potenciais Leais,3
1689,10,50,41486.74,3,3,4,334,10,Precisa Atenção,2
1690,8,49,39507.72,4,3,4,434,11,Potenciais Leais,0
1691,31,52,35143.55,1,4,3,143,8,Em Risco,1
1692,16,47,17965.68,2,3,1,231,6,Em Risco,3
1693,3,52,70318.18000000001,5,4,5,545,14,Campeões,2
1694,10,46,35153.68,3,2,3,323,8,Quase Dormindo,1
1695,16,46,23150.84,2,2,1,221,5,Hibernando,3
1696,2,54,30086.81,5,4,2,542,11,Campeões,0
1697,5,70,67966.43,4,5,5,455,14,Clientes Leais,2
1698,14,48,29564.61,3,3,2,332,8,Precisa Atenção,1
1699,13,46,45759.09,3,2,4,324,9,Quase Dormindo,1
1700,24,54,38692.59,2,4,4,244,10,Em Risco,1
1701,1,51,43613.45,5,4,4,544,13,Campeões,0
1702,11,33,11455.74,3,1,1,311,5,Quase Dormindo,3
1703,15,47,29290.94,2,3,2,232,7,Em Risco,1
1704,7,61,32726.95,4,5,3,453,12,Clientes Leais,2
1705,3,57,36777.17,5,5,3,553,13,Campeões,0
1706,3,44,35233.65,5,2,3,523,10,Potenciais Leais,0
1707,34,39,32027.170000000002,1,1,3,113,5,Hibernando,1
1708,20,48,33030.2,2,3,3,233,8,Em Risco,1
1709,4,51,24616.88,5,4,1,541,10,Campeões,0
1710,6,47,33744.35,4,3,3,433,10,Potenciais Leais,0
1711,43,48,35759.37,1,3,3,133,7,Em Risco,1
1712,4,60,51021.85,5,5,5,555,15,Campeões,2
1713,1,46,67413.26000000001,5,2,5,525,12,Potenciais Leais,0
1714,7,47,19592.52,4,3,1,431,8,Potenciais Leais,3
1715,7,37,20948.31,4,1,1,411,6,Promissor,3
1716,20,46,20964.940000000002,2,2,1,221,5,Hibernando,3
1717,7,55,40044.76,4,5,4,454,13,Clientes Leais,2
1718,34,46,27472.94,1,2,2,122,5,Hibernando,1
1719,34,36,20851.32,1,1,1,111,3,Hibernando,3
1720,2,57,44048.36,5,5,4,554,14,Campeões,0
1721,5,57,47264.22,4,5,5,455,14,Clientes Leais,2
1722,32,40,50630.35,1,1,5,115,7,Hibernando,1
1723,11,66,57510.34,3,5,5,355,13,Clientes Leais,2
1724,24,42,42775.729999999996,2,1,4,214,7,Hibernando,1
1725,3,60,51744.03,5,5,5,555,15,Campeões,2
1726,21,41,17080.23,2,1,1,211,4,Hibernando,3
1727,12,43,39006.25,3,2,4,324,9,Quase Dormindo,1
1728,5,50,32774.78,4,3,3,433,10,Potenciais Leais,0
1729,1,63,51008.58,5,5,5,555,15,Campeões,0
1730,10,54,87431.5,3,4,5,345,12,Clientes Leais,2
1731,6,48,29978.89,4,3,2,432,9,Potenciais Leais,0
1732,8,45,24147.11,4,2,1,421,7,Potenciais Leais,3
1733,1,41,52315.52,5,1,5,515,11,Novos Clientes,0
1734,6,48,42084.950000000004,4,3,4,434,11,Potenciais Leais,0
1735,4,50,46656.84,5,3,5,535,13,Potenciais Leais,0
1736,10,53,33199.549999999996,3,4,3,343,10,Clientes Leais,0
1737,12,48,25166.15,3,3,2,332,8,Precisa Atenção,1
1738,16,46,36031.34,2,2,3,223,7,Hibernando,1
1739,13,53,80890.56,3,4,5,345,12,Clientes Leais,2
1740,49,60,61047.9,1,5,5,155,11,Não Pode Perder,2
1741,20,56,42745.73,2,5,4,254,11,Não Pode Perder,2
1742,9,45,21537.23,3,2,1,321,6,Quase Dormindo,3
1743,2,50,37773.770000000004,5,3,4,534,12,Potenciais Leais,0
1744,86,50,54884.16,1,3,5,135,9,Em Risco,1
1745,4,46,30660.32,5,2,2,522,9,Potenciais Leais,0
1746,12,44,21859.64,3,2,1,321,6,Quase Dormindo,3
1747,11,47,32718.9,3,3,3,333,9,Precisa Atenção,1
1748,10,53,35723.35,3,4,3,343,10,Clientes Leais,2
1749,3,61,46558.6,5,5,5,555,15,Campeões,2
1750,26,48,29431.64,1,3,2,132,6,Em Risco,1
1751,1,51,34619.44,5,4,3,543,12,Campeões,0
1752,14,44,27451.88,3,2,2,322,7,Quase Dormindo,1
1753,16,59,35838.23,2,5,3,253,10,Não Pode Perder,2
1754,30,60,55177.19,1,5,5,155,11,Não Pode Perder,2
1755,31,51,28040.13,1,4,2,142,7,Em Risco,1
1756,25,56,40851.159999999996,2,5,4,254,11,Não Pode Perder,2
1757,24,48,29772.79,2,3,2,232,7,Em Risco,1
1758,33,48,20836.73,1,3,1,131,5,Em Risco,1
1759,16,44,43891.67,2,2,4,224,8,Hibernando,1
1760,1,38,15827.72,5,1,1,511,7,Novos Clientes,3
1761,11,56,42586.32,3,5,4,354,12,Clientes Leais,2
1762,14,42,19977.73,3,1,1,311,5,Quase Dormindo,3
1763,24,44,58459.0,2,2,5,225,9,Hibernando,1
1764,71,45,39916.47,1,2,4,124,7,Hibernando,1
1765,51,43,17096.8,1,2,1,121,4,Hibernando,3
1766,3,50,43890.57,5,3,4,534,12,Potenciais Leais,0
1767,18,50,53975.9,2,3,5,235,10,Em Risco,2
1768,1,45,19581.41,5,2,1,521,8,Potenciais Leais,0
1769,15,47,84816.8,2,3,5,235,10,Em Risco,2
1770,5,41,27776.56,4,1,2,412,7,Promissor,3
1771,10,48,32266.82,3,3,3,333,9,Precisa Atenção,1
1772,2,43,37999.39,5,2,4,524,11,Potenciais Leais,0
1773,8,64,41167.16,4,5,4,454,13,Clientes Leais,2
1774,6,57,40694.409999999996,4,5,4,454,13,Clientes Leais,2
1775,8,55,23506.84,4,5,1,451,10,Clientes Leais,0
1776,2,56,49871.63,5,5,5,555,15,Campeões,0
1777,7,45,47231.97,4,2,5,425,11,Potenciais Leais,0
1778,9,49,26259.079999999998,3,3,2,332,8,Precisa Atenção,0
1779,25,47,21769.34,2,3,1,231,6,Em Risco,1
1780,13,49,69219.01999999999,3,3,5,335,11,Precisa Atenção,2
1781,1,40,15831.9,5,1,1,511,7,Novos Clientes,3
1782,20,52,37848.76,2,4,4,244,10,Em Risco,1
1783,34,56,26063.79,1,5,2,152,8,Não Pode Perder,1
1784,2,56,56165.88,5,5,5,555,15,Campeões,0
1785,14,60,34190.28,3,5,3,353,11,Clientes Leais,2
1786,19,62,20212.15,2,5,1,251,8,Não Pode Perder,1
1787,20,49,22505.54,2,3,1,231,6,Em Risco,1
1788,16,58,71644.69,2,5,5,255,12,Não Pode Perder,2
1789,13,43,36293.13,3,2,3,323,8,Quase Dormindo,1
1790,5,43,63302.83,4,2,5,425,11,Potenciais Leais,0
1791,22,49,26057.190000000002,2,3,2,232,7,Em Risco,1
1792,37,46,30840.760000000002,1,2,2,122,5,Hibernando,1
1793,27,43,25001.32,1,2,2,122,5,Hibernando,1
1794,7,53,45618.6,4,4,4,444,12,Clientes Leais,2
1795,8,54,37171.14,4,4,3,443,11,Clientes Leais,2
1796,5,57,30074.059999999998,4,5,2,452,11,Clientes Leais,0
1797,1,51,51575.159999999996,5,4,5,545,14,Campeões,0
1798,26,44,36965.96,1,2,3,123,6,Hibernando,1
1799,9,55,34616.92,3,5,3,353,11,Clientes Leais,2
1800,9,42,46326.840000000004,3,1,5,315,9,Quase Dormindo,1
1801,1,62,25074.9,5,5,2,552,12,Campeões,0
1802,2,60,29673.89,5,5,2,552,12,Campeões,0
1803,9,54,59045.03,3,4,5,345,12,Clientes Leais,2
1804,9,58,22957.12,3,5,1,351,9,Clientes Leais,0
1805,20,47,32635.62,2,3,3,233,8,Em Risco,1
1806,5,57,63999.05,4,5,5,455,14,Clientes Leais,2
1807,15,47,30516.18,2,3,2,232,7,Em Risco,1
1808,5,44,32935.03,4,2,3,423,9,Potenciais Leais,0
1809,20,49,47411.21,2,3,5,235,10,Em Risco,1
1810,2,58,39988.69,5,5,4,554,14,Campeões,0
1811,18,43,29078.63,2,2,2,222,6,Hibernando,1
1812,24,50,38824.3,2,3,4,234,9,Em Risco,1
1813,2,44,40971.24,5,2,4,524,11,Potenciais Leais,0
1814,6,53,55228.200000000004,4,4,5,445,13,Clientes Leais,2
1815,14,50,20401.06,3,3,1,331,7,Precisa Atenção,3
1816,33,53,57783.65,1,4,5,145,10,Em Risco,2
1817,6,68,50996.25,4,5,5,455,14,Clientes Leais,2
1818,10,46,28520.97,3,2,2,322,7,Quase Dormindo,1
1819,29,46,45188.97,1,2,4,124,7,Hibernando,1
1820,11,48,25087.91,3,3,2,332,8,Precisa Atenção,1
1821,4,61,56418.53,5,5,5,555,15,Campeões,2
1822,44,49,37069.25,1,3,3,133,7,Em Risco,1
1823,12,46,37995.54,3,2,4,324,9,Quase Dormindo,1
1824,3,44,76013.77,5,2,5,525,12,Potenciais Leais,0
1825,44,49,36049.67,1,3,3,133,7,Em Risco,1
1826,39,51,30162.39,1,4,2,142,7,Em Risco,1
1827,6,54,43230.81,4,4,4,444,12,Clientes Leais,2
1828,5,52,39205.15,4,4,4,444,12,Clientes Leais,0
1829,10,57,41391.530000000006,3,5,4,354,12,Clientes Leais,2
1830,40,54,49880.07,1,4,5,145,10,Em Risco,2
1831,1,46,24751.22,5,2,1,521,8,Potenciais Leais,0
1832,2,34,29492.769999999997,5,1,2,512,8,Novos Clientes,3
1833,18,38,26284.53,2,1,2,212,5,Hibernando,3
1834,4,45,30434.170000000002,5,2,2,522,9,Potenciais Leais,0
1835,15,35,38038.47,2,1,4,214,7,Hibernando,1
1836,5,44,33921.72,4,2,3,423,9,Potenciais Leais,0
1837,20,37,31418.829999999998,2,1,3,213,6,Hibernando,3
1838,14,52,18794.48,3,4,1,341,8,Clientes Leais,3
1839,3,43,22926.510000000002,5,2,1,521,8,Potenciais Leais,3
1840,7,46,40277.96,4,2,4,424,10,Potenciais Leais,0
1841,9,52,37374.2,3,4,3,343,10,Clientes Leais,2
1842,23,56,27664.07,2,5,2,252,9,Não Pode Perder,1
1843,3,46,35968.24,5,2,3,523,10,Potenciais Leais,0
1844,9,51,30613.04,3,4,2,342,9,Clientes Leais,0
1845,31,48,32848.520000000004,1,3,3,133,7,Em Risco,1
1846,4,53,29308.39,5,4,2,542,11,Campeões,0
1847,16,52,45825.979999999996,2,4,4,244,10,Em Risco,2
1848,13,41,25420.07,3,1,2,312,6,Quase Dormindo,3
1849,5,50,42455.67,4,3,4,434,11,Potenciais Leais,0
1850,11,38,22374.57,3,1,1,311,5,Quase Dormindo,3
1851,10,52,56339.159999999996,3,4,5,345,12,Clientes Leais,2
1852,29,54,33692.15,1,4,3,143,8,Em Risco,1
1853,6,49,27929.25,4,3,2,432,9,Potenciais Leais,0
1854,7,45,39158.81,4,2,4,424,10,Potenciais Leais,0
1855,6,57,45255.4,4,5,4,454,13,Clientes Leais,2
1856,26,47,23823.15,1,3,1,131,5,Em Risco,1
1857,1,56,42120.85,5,5,4,554,14,Campeões,0
1858,18,37,19256.12,2,1,1,211,4,Hibernando,3
1859,4,40,19787.17,5,1,1,511,7,Novos Clientes,3
1860,30,45,62891.57,1,2,5,125,8,Hibernando,1
1861,23,43,39643.99,2,2,4,224,8,Hibernando,1
1862,32,56,54131.5,1,5,5,155,11,Não Pode Perder,2
1863,18,41,23362.84,2,1,1,211,4,Hibernando,3
1864,5,55,28539.15,4,5,2,452,11,Clientes Leais,0
1865,15,31,26014.3,2,1,2,212,5,Hibernando,3
1866,14,53,19459.670000000002,3,4,1,341,8,Clientes Leais,3
1867,8,48,53827.19,4,3,5,435,12,Potenciais Leais,2
1868,16,53,66451.5,2,4,5,245,11,Em Risco,2
1869,17,42,35563.04,2,1,3,213,6,Hibernando,1
1870,13,45,35233.369999999995,3,2,3,323,8,Quase Dormindo,1
1871,11,54,48850.79,3,4,5,345,12,Clientes Leais,2
1872,4,52,24279.74,5,4,1,541,10,Campeões,0
1873,4,62,47181.79,5,5,5,555,15,Campeões,2
1874,1,54,73140.66,5,4,5,545,14,Campeões,0
1875,2,45,18227.93,5,2,1,521,8,Potenciais Leais,3
1876,27,48,24147.38,1,3,1,131,5,Em Risco,1
1877,35,55,47639.09,1,5,5,155,11,Não Pode Perder,2
1878,14,50,27762.73,3,3,2,332,8,Precisa Atenção,1
1879,20,66,64830.060000000005,2,5,5,255,12,Não Pode Perder,2
1880,29,43,30668.19,1,2,2,122,5,Hibernando,1
1881,56,55,25780.02,1,5,2,152,8,Não Pode Perder,1
1882,20,32,14096.68,2,1,1,211,4,Hibernando,3
1883,11,57,37366.77,3,5,3,353,11,Clientes Leais,2
1884,8,48,29131.739999999998,4,3,2,432,9,Potenciais Leais,0
1885,17,59,48512.33,2,5,5,255,12,Não Pode Perder,2
1886,2,46,62310.649999999994,5,2,5,525,12,Potenciais Leais,0
1887,18,47,19099.82,2,3,1,231,6,Em Risco,3
1888,15,50,33676.38,2,3,3,233,8,Em Risco,1
1889,25,46,33005.56,2,2,3,223,7,Hibernando,1
1890,11,39,20053.53,3,1,1,311,5,Quase Dormindo,3
1891,25,40,20083.48,2,1,1,211,4,Hibernando,3
1892,29,43,66131.75,1,2,5,125,8,Hibernando,1
1893,7,45,27936.7,4,2,2,422,8,Potenciais Leais,0
1894,20,59,50396.130000000005,2,5,5,255,12,Não Pode Perder,2
1895,17,55,33717.97,2,5,3,253,10,Não Pode Perder,2
1896,5,62,50674.63,4,5,5,455,14,Clientes Leais,2
1897,8,36,27263.25,4,1,2,412,7,Promissor,3
1898,10,43,54071.37,3,2,5,325,10,Quase Dormindo,1
1899,6,41,17439.98,4,1,1,411,6,Promissor,3
1900,23,46,19995.81,2,2,1,221,5,Hibernando,3
1901,9,63,38578.369999999995,3,5,4,354,12,Clientes Leais,2
1902,2,46,25277.280000000002,5,2,2,522,9,Potenciais Leais,0
1903,5,45,38173.3,4,2,4,424,10,Potenciais Leais,0
1904,25,41,45179.89,2,1,4,214,7,Hibernando,1
1905,2,44,36841.44,5,2,3,523,10,Potenciais Leais,0
1906,11,41,32186.75,3,1,3,313,7,Quase Dormindo,1
1907,21,38,29835.69,2,1,2,212,5,Hibernando,3
1908,34,49,40091.42,1,3,4,134,8,Em Risco,1
1909,13,46,23788.65,3,2,1,321,6,Quase Dormindo,3
1910,2,48,39699.34,5,3,4,534,12,Potenciais Leais,0
1911,1,50,42744.29,5,3,4,534,12,Potenciais Leais,0
1912,11,39,31357.420000000002,3,1,3,313,7,Quase Dormindo,3
1913,9,50,21924.14,3,3,1,331,7,Precisa Atenção,3
1914,22,46,30555.98,2,2,2,222,6,Hibernando,1
1915,1,42,47225.1,5,1,5,515,11,Novos Clientes,0
1916,8,55,29246.75,4,5,2,452,11,Clientes Leais,0
1917,74,48,24649.41,1,3,1,131,5,Em Risco,1
1918,17,41,31611.53,2,1,3,213,6,Hibernando,1
1919,13,58,48903.67,3,5,5,355,13,Clientes Leais,2
1920,15,48,41484.36,2,3,4,234,9,Em Risco,1
1921,16,60,37902.39,2,5,4,254,11,Não Pode Perder,2
1922,33,36,21022.53,1,1,1,111,3,Hibernando,3
1923,12,51,36444.0,3,4,3,343,10,Clientes Leais,1
1924,8,48,40326.83,4,3,4,434,11,Potenciais Leais,0
1925,23,43,48462.36,2,2,5,225,9,Hibernando,1
1926,2,45,39490.86,5,2,4,524,11,Potenciais Leais,0
1927,7,51,26506.0,4,4,2,442,10,Clientes Leais,0
1928,5,53,40981.65,4,4,4,444,12,Clientes Leais,0
1929,17,50,36901.78,2,3,3,233,8,Em Risco,1
1930,40,55,52147.409999999996,1,5,5,155,11,Não Pode Perder,2
1931,4,48,48048.18,5,3,5,535,13,Potenciais Leais,0
1932,8,47,35338.68,4,3,3,433,10,Potenciais Leais,0
1933,2,46,27556.84,5,2,2,522,9,Potenciais Leais,0
1934,21,45,30493.57,2,2,2,222,6,Hibernando,1
1935,10,52,33037.04,3,4,3,343,10,Clientes Leais,0
1936,16,51,38583.6,2,4,4,244,10,Em Risco,1
1937,16,41,33761.74,2,1,3,213,6,Hibernando,1
1938,8,59,86512.28,4,5,5,455,14,Clientes Leais,2
1939,32,37,21595.69,1,1,1,111,3,Hibernando,3
1940,15,60,30969.22,2,5,3,253,10,Não Pode Perder,2
1941,13,48,40087.17,3,3,4,334,10,Precisa Atenção,1
1942,2,65,33624.57,5,5,3,553,13,Campeões,0
1943,5,58,50767.47,4,5,5,455,14,Clientes Leais,2
1944,33,39,16373.25,1,1,1,111,3,Hibernando,3
1945,42,42,53064.729999999996,1,1,5,115,7,Hibernando,1
1946,1,36,30130.69,5,1,2,512,8,Novos Clientes,0
1947,9,45,47033.48,3,2,5,325,10,Quase Dormindo,1
1948,7,45,54433.630000000005,4,2,5,425,11,Potenciais Leais,0
1949,18,50,33530.68,2,3,3,233,8,Em Risco,1
1950,10,56,34905.1,3,5,3,353,11,Clientes Leais,2
1951,1,48,39162.6,5,3,4,534,12,Potenciais Leais,0
1952,7,42,80361.03,4,1,5,415,10,Promissor,2
1953,10,50,25493.41,3,3,2,332,8,Precisa Atenção,1
1954,45,46,34896.45,1,2,3,123,6,Hibernando,1
1955,2,48,28301.65,5,3,2,532,10,Potenciais Leais,0
1956,5,43,23131.11,4,2,1,421,7,Potenciais Leais,3
1957,4,48,29443.530000000002,5,3,2,532,10,Potenciais Leais,0
1958,17,44,13120.119999999999,2,2,1,221,5,Hibernando,3
1959,12,53,30181.16,3,4,2,342,9,Clientes Leais,1
1960,31,35,26432.16,1,1,2,112,4,Hibernando,3
1961,9,48,34568.68,3,3,3,333,9,Precisa Atenção,1
1962,27,59,52255.52,1,5,5,155,11,Não Pode Perder,2
1963,4,54,47867.49,5,4,5,545,14,Campeões,0
1964,7,50,27932.51,4,3,2,432,9,Potenciais Leais,0
1965,16,54,43946.45,2,4,4,244,10,Em Risco,2
1966,18,32,34328.69,2,1,3,213,6,Hibernando,3
1967,10,46,24638.5,3,2,1,321,6,Quase Dormindo,3
1968,18,55,49102.12,2,5,5,255,12,Não Pode Perder,2
1969,33,47,40370.8,1,3,4,134,8,Em Risco,1
1970,9,71,62769.78,3,5,5,355,13,Clientes Leais,2
1971,11,52,20288.18,3,4,1,341,8,Clientes Leais,3
1972,31,56,47202.97,1,5,5,155,11,Não Pode Perder,2
1973,17,44,19011.31,2,2,1,221,5,Hibernando,3
1974,5,52,25012.88,4,4,2,442,10,Clientes Leais,0
1975,6,54,35895.65,4,4,3,443,11,Clientes Leais,0
1976,9,52,43114.01,3,4,4,344,11,Clientes Leais,2
1977,19,54,28829.75,2,4,2,242,8,Em Risco,1
1978,8,63,38105.49,4,5,4,454,13,Clientes Leais,2
1979,4,47,53607.59,5,3,5,535,13,Potenciais Leais,0
1980,8,59,53725.36,4,5,5,455,14,Clientes Leais,2
1981,20,53,77557.76,2,4,5,245,11,Em Risco,2
1982,3,40,29921.03,5,1,2,512,8,Novos Clientes,0
1983,8,43,16400.02,4,2,1,421,7,Potenciais Leais,3
1984,18,68,65354.049999999996,2,5,5,255,12,Não Pode Perder,2
1985,11,55,38729.56,3,5,4,354,12,Clientes Leais,2
1986,2,73,49067.38,5,5,5,555,15,Campeões,2
1987,3,47,34879.39,5,3,3,533,11,Potenciais Leais,0
1988,19,47,28542.5,2,3,2,232,7,Em Risco,1
1989,21,50,27178.37,2,3,2,232,7,Em Risco,1
1990,4,54,30608.550000000003,5,4,2,542,11,Campeões,0
1991,19,54,44780.96,2,4,4,244,10,Em Risco,2
1992,21,35,29285.96,2,1,2,212,5,Hibernando,3
1993,28,48,25502.81,1,3,2,132,6,Em Risco,1
1994,30,65,68797.07,1,5,5,155,11,Não Pode Perder,2
1995,26,45,28348.96,1,2,2,122,5,Hibernando,1
1996,7,54,61484.96,4,4,5,445,13,Clientes Leais,2
1997,28,63,38881.94,1,5,4,154,10,Não Pode Perder,2
1998,8,44,41609.840000000004,4,2,4,424,10,Potenciais Leais,1
1999,20,46,30043.05,2,2,2,222,6,Hibernando,1
2000,5,42,23451.789999999997,4,1,1,411,6,Promissor,3
